{"cameraMode":{"drawMode":0,"name":"Shaded","section":"Shading Mode"},"sceneLighting":false,"audioPlay":false,"sceneViewState":{"m_AlwaysRefresh":false,"showFog":true,"showSkybox":false,"showFlares":true,"showImageEffects":true,"showParticleSystems":true,"showVisualEffectGraphs":true,"m_FxEnabled":true},"in2DMode":false,"pivot":{"x":0.7313089370727539,"y":0.6875454187393189,"z":1.044695258140564},"rotation":{"x":-0.029184263199567796,"y":0.23089240491390229,"z":0.006928752176463604,"w":0.9725183844566345},"size":0.739286482334137,"orthographic":false}