{"cameraMode":{"drawMode":0,"name":"Shaded","section":"Shading Mode"},"sceneLighting":true,"audioPlay":false,"sceneViewState":{"m_AlwaysRefresh":false,"showFog":true,"showSkybox":true,"showFlares":true,"showImageEffects":true,"showParticleSystems":true,"showVisualEffectGraphs":true,"m_FxEnabled":true},"in2DMode":false,"pivot":{"x":-32.116790771484378,"y":-8.150653839111329,"z":-118.7018051147461},"rotation":{"x":0.005439199972897768,"y":-0.9915684461593628,"z":0.07795704901218414,"w":0.11585134267807007},"size":68.35752868652344,"orthographic":false}