{"cameraMode":{"drawMode":0,"name":"Shaded","section":"Shading Mode"},"sceneLighting":true,"audioPlay":false,"sceneViewState":{"m_AlwaysRefresh":false,"showFog":true,"showSkybox":true,"showFlares":true,"showImageEffects":true,"showParticleSystems":true,"showVisualEffectGraphs":true,"m_FxEnabled":true},"in2DMode":false,"pivot":{"x":-50.408721923828128,"y":0.1873190701007843,"z":-51.724327087402347},"rotation":{"x":-0.006893983110785484,"y":-0.9745311737060547,"z":0.06005755066871643,"w":-0.2225990891456604},"size":1.7894054651260377,"orthographic":false}