{"cameraMode":{"drawMode":0,"name":"Shaded","section":"Shading Mode"},"sceneLighting":true,"audioPlay":false,"sceneViewState":{"m_AlwaysRefresh":false,"showFog":true,"showSkybox":true,"showFlares":true,"showImageEffects":true,"showParticleSystems":true,"showVisualEffectGraphs":true,"m_FxEnabled":true},"in2DMode":false,"pivot":{"x":-0.45493072271347048,"y":0.5809133052825928,"z":1.8929651975631714},"rotation":{"x":0.1334216296672821,"y":-0.45207738876342776,"z":0.06861938536167145,"w":0.8792873620986939},"size":2.012751579284668,"orthographic":false}