{"cameraMode":{"drawMode":0,"name":"Shaded","section":"Shading Mode"},"sceneLighting":true,"audioPlay":false,"sceneViewState":{"m_AlwaysRefresh":false,"showFog":true,"showSkybox":true,"showFlares":true,"showImageEffects":true,"showParticleSystems":true,"showVisualEffectGraphs":true,"m_FxEnabled":true},"in2DMode":false,"pivot":{"x":-1.9280468225479127,"y":0.9055352807044983,"z":-2.2558441162109377},"rotation":{"x":0.19625665247440339,"y":-0.22025370597839356,"z":0.04529183730483055,"w":0.9544349312782288},"size":4.093544960021973,"orthographic":true}