{"cameraMode":{"drawMode":0,"name":"Shaded","section":"Shading Mode"},"sceneLighting":true,"audioPlay":false,"sceneViewState":{"m_AlwaysRefresh":false,"showFog":true,"showSkybox":true,"showFlares":true,"showImageEffects":true,"showParticleSystems":true,"showVisualEffectGraphs":true,"m_FxEnabled":true},"in2DMode":false,"pivot":{"x":513.8822021484375,"y":6.379176616668701,"z":189.80857849121095},"rotation":{"x":0.0002837502979673445,"y":0.9919854998588562,"z":-0.12656202912330628,"w":0.0020752500277012588},"size":2.481848955154419,"orthographic":false}