{"cameraMode":{"drawMode":0,"name":"Shaded","section":"Shading Mode"},"sceneLighting":true,"audioPlay":false,"sceneViewState":{"m_AlwaysRefresh":false,"showFog":true,"showSkybox":true,"showFlares":true,"showImageEffects":true,"showParticleSystems":true,"showVisualEffectGraphs":true,"m_FxEnabled":true},"in2DMode":false,"pivot":{"x":-19.599504470825197,"y":4.650460243225098,"z":-28.4977970123291},"rotation":{"x":0.23111297190189362,"y":-0.19601558148860932,"z":0.047599080950021747,"w":0.9517923593521118},"size":12.124356269836426,"orthographic":false}