{"cameraMode":{"drawMode":0,"name":"Shaded","section":"Shading Mode"},"sceneLighting":true,"audioPlay":false,"sceneViewState":{"m_AlwaysRefresh":false,"showFog":true,"showSkybox":true,"showFlares":true,"showImageEffects":true,"showParticleSystems":true,"showVisualEffectGraphs":true,"m_FxEnabled":true},"in2DMode":false,"pivot":{"x":-19.938114166259767,"y":-0.9221951961517334,"z":-34.83557891845703},"rotation":{"x":0.08985967934131623,"y":-0.2805882394313812,"z":0.026870520785450937,"w":0.9552409052848816},"size":3.0672731399536135,"orthographic":false}