{"cameraMode":{"drawMode":0,"name":"Shaded","section":"Shading Mode"},"sceneLighting":true,"audioPlay":false,"sceneViewState":{"m_AlwaysRefresh":false,"showFog":true,"showSkybox":true,"showFlares":true,"showImageEffects":true,"showParticleSystems":true,"showVisualEffectGraphs":true,"m_FxEnabled":true},"in2DMode":false,"pivot":{"x":-14.174034118652344,"y":27.20218276977539,"z":-6.324590682983398},"rotation":{"x":0.09276159107685089,"y":-0.8979758024215698,"z":0.22862666845321656,"w":0.36440375447273257},"size":17.957752227783204,"orthographic":false}