{"cameraMode":{"drawMode":0,"name":"Shaded","section":"Shading Mode"},"sceneLighting":false,"audioPlay":false,"sceneViewState":{"m_AlwaysRefresh":false,"showFog":true,"showSkybox":false,"showFlares":true,"showImageEffects":true,"showParticleSystems":true,"showVisualEffectGraphs":true,"m_FxEnabled":true},"in2DMode":false,"pivot":{"x":510.0190734863281,"y":4.643284320831299,"z":192.32943725585938},"rotation":{"x":-0.055481456220149997,"y":0.9229324460029602,"z":-0.3521452844142914,"w":-0.14545094966888429},"size":0.34641534090042117,"orthographic":false}