{"cameraMode":{"drawMode":0,"name":"Shaded","section":"Shading Mode"},"sceneLighting":false,"audioPlay":false,"sceneViewState":{"m_AlwaysRefresh":false,"showFog":true,"showSkybox":false,"showFlares":true,"showImageEffects":true,"showParticleSystems":true,"showVisualEffectGraphs":true,"m_FxEnabled":true},"in2DMode":false,"pivot":{"x":-9.388739585876465,"y":26.470537185668947,"z":25.767852783203126},"rotation":{"x":0.07644651085138321,"y":0.47927066683769228,"z":-0.04192902520298958,"w":0.8733444809913635},"size":32.022560119628909,"orthographic":false}