{"cameraMode":{"drawMode":0,"name":"Shaded","section":"Shading Mode"},"sceneLighting":false,"audioPlay":false,"sceneViewState":{"m_AlwaysRefresh":false,"showFog":true,"showSkybox":false,"showFlares":true,"showImageEffects":true,"showParticleSystems":true,"showVisualEffectGraphs":true,"m_FxEnabled":true},"in2DMode":false,"pivot":{"x":0.03321593254804611,"y":0.005857834126800299,"z":-0.007938500493764878},"rotation":{"x":0.061160922050476077,"y":0.00718701584264636,"z":-0.0004462467913981527,"w":0.9981094002723694},"size":0.12229342013597489,"orthographic":true}